CREATE TABLE IF NOT EXISTS customer (
	id BIGINT GENERATED BY DEFAULT AS IDENTITY PRIMARY KEY,
	name VARCHAR(150) NOT NULL,
	email VARCHAR(255)
);

CREATE TABLE IF NOT EXISTS purchase_order (
	id BIGINT GENERATED BY DEFAULT AS IDENTITY PRIMARY KEY,
	order_number VARCHAR(50) NOT NULL UNIQUE,
	customer_id BIGINT NOT NULL,
	order_date DATE NOT NULL,
	status VARCHAR(30) NOT NULL,
	CONSTRAINT fk_po_customer
		FOREIGN KEY (customer_id) REFERENCES customer(id)
);

CREATE TABLE IF NOT EXISTS products (
	id BIGINT GENERATED BY DEFAULT AS IDENTITY PRIMARY KEY,
	product_name VARCHAR(150) NOT NULL UNIQUE,
	description VARCHAR(255)
);

CREATE TABLE IF NOT EXISTS purchase_order_items (
	id BIGINT GENERATED BY DEFAULT AS IDENTITY PRIMARY KEY,
	purchase_order_id BIGINT NOT NULL,
	product_id BIGINT NOT NULL,
	quantity INT NOT NULL,
	unit_price DECIMAL(12,2) NOT NULL,
	CONSTRAINT fk_po_items_order
		FOREIGN KEY (purchase_order_id) REFERENCES purchase_order(id)
		ON DELETE CASCADE,
	CONSTRAINT fk_po_items_product
		FOREIGN KEY (product_id) REFERENCES products(id),
	CONSTRAINT chk_po_item_quantity CHECK (quantity > 0),
	CONSTRAINT chk_po_item_unit_price CHECK (unit_price >= 0)
);

CREATE TABLE IF NOT EXISTS sales_invoice (
	id BIGINT GENERATED BY DEFAULT AS IDENTITY PRIMARY KEY,
	invoice_number VARCHAR(50) NOT NULL UNIQUE,
	purchase_order_id BIGINT NOT NULL,
	customer_id BIGINT NOT NULL,
	invoice_date DATE NOT NULL,
	total_amount DECIMAL(12,2) NOT NULL,
	CONSTRAINT fk_invoice_order
		FOREIGN KEY (purchase_order_id) REFERENCES purchase_order(id),
	CONSTRAINT fk_invoice_customer
		FOREIGN KEY (customer_id) REFERENCES customer(id),
	CONSTRAINT chk_invoice_total_amount CHECK (total_amount >= 0)
);

CREATE TABLE IF NOT EXISTS sales_invoice_items (
	id BIGINT GENERATED BY DEFAULT AS IDENTITY PRIMARY KEY,
	sales_invoice_id BIGINT NOT NULL,
	product_id BIGINT NOT NULL,
	quantity INT NOT NULL,
	unit_price DECIMAL(12,2) NOT NULL,
	CONSTRAINT fk_invoice_items_invoice
		FOREIGN KEY (sales_invoice_id) REFERENCES sales_invoice(id)
		ON DELETE CASCADE,
	CONSTRAINT fk_invoice_items_product
		FOREIGN KEY (product_id) REFERENCES products(id),
	CONSTRAINT chk_invoice_item_quantity CHECK (quantity > 0),
	CONSTRAINT chk_invoice_item_unit_price CHECK (unit_price >= 0)
);

INSERT INTO customer (id, name, email)
VALUES (1, 'Acme Trading', 'contact@acmetrading.com');

INSERT INTO customer (id, name, email)
VALUES (2, 'Blue River Supplies', 'info@blueriver.com');

INSERT INTO products (id, product_name, description)
VALUES (1, 'Laptop Dock', 'USB-C docking station with HDMI and Ethernet ports.');

INSERT INTO products (id, product_name, description)
VALUES (2, 'USB-C Cable', 'Durable 1-meter USB-C charging and data cable.');

INSERT INTO products (id, product_name, description)
VALUES (3, 'Mechanical Keyboard', 'Full-size mechanical keyboard with tactile switches.');

INSERT INTO purchase_order (order_number, customer_id, order_date, status)
VALUES ('PO-2026-0001', 1, DATE '2026-03-01', 'APPROVED');

INSERT INTO purchase_order (order_number, customer_id, order_date, status)
VALUES ('PO-2026-0002', 2, DATE '2026-03-05', 'PENDING');

INSERT INTO purchase_order_items (purchase_order_id, product_id, quantity, unit_price)
VALUES (1, 1, 2, 125.50);

INSERT INTO purchase_order_items (purchase_order_id, product_id, quantity, unit_price)
VALUES (1, 2, 10, 8.99);

INSERT INTO purchase_order_items (purchase_order_id, product_id, quantity, unit_price)
VALUES (2, 3, 3, 75.00);

INSERT INTO sales_invoice (invoice_number, purchase_order_id, customer_id, invoice_date, total_amount)
VALUES ('SI-2026-0001', 1, 1, DATE '2026-03-03', 340.90);

INSERT INTO sales_invoice (invoice_number, purchase_order_id, customer_id, invoice_date, total_amount)
VALUES ('SI-2026-0002', 2, 2, DATE '2026-03-07', 225.00);

INSERT INTO sales_invoice_items (sales_invoice_id, product_id, quantity, unit_price)
VALUES (1, 1, 2, 125.50);

INSERT INTO sales_invoice_items (sales_invoice_id, product_id, quantity, unit_price)
VALUES (1, 2, 10, 8.99);

INSERT INTO sales_invoice_items (sales_invoice_id, product_id, quantity, unit_price)
VALUES (2, 3, 3, 75.00);